Ул,Тр
Э,В
У,Ч
Д,Ф
Гл,Ив
Юр,Ки
Ч,З
Л,Г
Гл,Ле
Х,Щ
Он,Ха
Л,У
У,Х
О,Ч
З,И
Н,Ю
Ма,Те
За,Ря
Ва,Ры
В,Л
Он,Ма
Г,Н
У,Б
Х,Г
П,П
З,Р
Ол,Ни
П,Л
Р,Я
З,Л
Хр,Ку
Г,Б
Ж,Ч
К,Ю
С,Ж
Фо,На
В,Ш
Бр,Юд
Ю,Ч
Ж,П
Дм,Да
Фо,Цв
Ру,Ма
Х,Р
Е,А
Ок,Гу
Юв,Го
А,Ж
Ти,Ус
Я,Я
Ал,Дь
Вл,Ер
З,Т
Б,Ю
Дм,Ва
Ч,Ш
Ан,Кн
Ко,Аф
Фа,Му
Т,Щ
Ю,Ч
Н,Ц
Фо,Де
К,Ч
Г,У
Ав,Ув
Кл,Лы
О,Р
Ак,Те
Ана,Мак
Ч,Ф
Ба,Ло
Ст,Ве
Х,Щ
Х,У
Ма,Го
Л,Т
Ге,Зы
У,И
Юр,Не
Из,На
В,О
Т,Д
Вы,Од
Эд,Ти
Ос,Ил
За,Бе
О,Р
Х,Я
Ч,Г
Ж,М
И,Л
И,Д
П,Н
Э,В
Де,Аб
О,Ц
И,И
Т,Д
Пр,Фо
Ти,Со
И,И
Ия,Ха
Ю,Я
К,П
Л,Щ
А,Т
Ян,Та
Ис,Ис
Ка,Го
О,С
Че,Цв
Як,Бы
Че,Ал
По,Ге
Юр,За
Як,Ак
Хр,Ил
Ок,Ли
Б,Б
Гл,Ем
Ку,Се
М,Ж
Р,И
Е,М
Ни,Дм
А,Ц
Ма,Ру
П,З
Аз,Аг
Ж,Р
Ч,М
С,Г
Х,Ц
Р,Д
Т,Щ
Пе,На
О,К
Я,Я
Н,Н
С,З
К,Ч
Ха,Ли
М,Т
Як,Ни
Ег,Сы
Я,Ж
Х,Х
Ип,Ба
Ма,Зу
Э,Д
Рю,Фа
Ф,Ж
Мин,Каз
Ир,Бу
Б,Ч
Ер,Ло
Э,Ю
П,Ч
Ру,Щу
Г,Г
Т,Д
В,Ч
Ав,Хо
В,Б
Ро,Ше
А,Д
Эд,Ге
В,Щ
Ни,Од
Е,Г
Т,З
Ли,Шу
Ег,Ар
Б,З
Я,М
Ми,Фр
Ор,Фа
А,М
З,М
О,П
Кл,Лы
Е,Н
К,Ж
Юл,Ов
Фо,Ши
Е,Ю
Ч,Б
Сп,Ел
Ю,В
А,О
Эд,Ал
К,М
Х,Х
Я,Р
Ка,Ис
Я,Ш
И,Ф
Се,Ив
Х,Ч
Э,Б
Аг,Не
Е,Ж
Че,Як
Фо,Те
Дм,Дь
Го,Ле
Ев,Ев
Х,Ч
Л,Р
Б,Ш
Еф,Кр
Е,О
Ус,Еф
Л,Ш
Ю,Ф
А,З
Ап,Ку
Н,Р
Лу,Ме
Д,Я
Аве,Ор
Р,Ш
Аф,Му
Ка,Те
Эл,Лы
Л,Н
Д,И
Ар,Ще
Б,Ч
Ж,Ю
Р,П
Б,З
Тв,Кр
Т,Д
Б,Я
Г,Б
С,Х
Ва,Гр
Я,Щ
Е,О
Вс,Кр
Э,Ж
Ч,Ч
Н,Д
Ле,Ло
Р,Е
О,З
Бр,Цв
Э,А
А,З
Ва,Да
Б,Ю
Га,Гр
У,Б
Пе,Ки
Ем,Ко
Ем,Ря
Б,Р
О,Л
А,Т
Ем,Кн
П,В
Лу,Ав
Л,Ф
Та,Но
С,П
Юр,Ув
А,Г
В,С
А,С
Е,Д
Пл,Лу
О,Ч
Э,Ц
Аг,Жд
У,П
О,Д
Н,П
Б,Ш
П,Ж
У,О
И,Щ
Х,П
Л,Р
Г,Б
Ю,Б
М,Х
Б,Ш
Б,З
Е,И
Ж,Щ
М,К
Ст,Вл
Ф,Г
Х,Ц
Н,Я
Ав,Ле
Л,У
Пл,По
Ак,Ст
Т,В
Е,С
Ус,Су
У,Б
Ив,Ли
В,Х
Ми,Ар
Фр,Фа
П,Ф
Хр,Ши
С,Р
Жа,Па
С,Ш
Жа,Де
И,Л
А,Г
Ме,Лу
Пе,Юд
Ка,Ку
Ам,Ми
Ин,Се
Ио,Дь
Го,Та
Ва,Вл
Р,В
Д,Б
Э,Ю
Л,Г
Ф,Ю
Пе,Ар
Б,Т
Як,Бу
О,Е
Зо,Ал
Бу,Да
Ип,Зи
Тр,Бр
П,И
У,К
Ко,Зи
Ор,Лы
Д,Ж
Ас,Ба
Д,Т
Ак,Ув
Ге,Ст
Д,Ц
Х,М
Со,Но
С,Я
Ла,Ря
З,Х
Он,Ши
Р,Е
Ба,Ал
Л,И
С,М
Я,У
Э,М
В,Щ
С,Ю
Ус,Ря
Ад,См
Ро,Аф
П,З
Фе,Ло
Ис,Не
А,Г
Б,Ю
Р,С
Ул,Се
Эл,Бы
Лу,Не
В,Е
Рю,Ар
Ио,Ор
Вс,Ис
Д,Н
К,У
Ир,Во
Зи,Би
Ти,Ев
Б,Д
Ис,Др
Та,Не
Эм,Тр
У,О
П,Е
А,Б
Ис,Еф
В,Я
По,Ив
Ев,Ов
Ю,Ч
Г,Г
Р,З
Ф,Ю
Ла,Гу
Б,Ш
Ир,Ту
Эр,Фи
Са,Но
Г,М
Д,А
К,Н
Э,Ф
Анн,Вас
Л,М
С,В
Ив,Ла
Е,Х
К,О
Х,Е
У,С
В,Щ
Р,П
Э,Ш
В,П
З,Е
Д,В
Я,М
Ж,Ю
С,С
А,Г
Г,И
И,Б
Н,Н
У,В
П,Ф
В,У
Г,Л
Но,Го
Са,См
Л,Ц
Ев,Ив
Як,Ви
Л,У
Ти,Си
Э,Х
Э,Н
Я,Ж
Пи,Ос
Сп,Юд
Дм,Ло
Т,Б
Фл,Ег
Е,Х
Но,Ка
Я,Х
Зо,Бр
Б,Щ
Б,Ц
Ав,Ос
Па,Ан
Д,З
Юв,Ка
У,З
Ф,М
П,Д
Ад,См
Ж,Ч
Ф,Х
Лю,Ку
О,Ц
Че,Ос
Л,С
З,Ф
Гр,Сы
О,Ш
О,Ф
Л,О
Ру,Кр
Эм,Са
Л,К
С,И
З,М
Э,Ш
Аф,Ту
Но,Мя
Ки,Жд
Р,Е
Ф,Б
Б,У
Б,Щ
И,Ф
Он,Аф
Р,У
Д,Р
Ив,Ем
Па,Де
Да,Ор
П,Д
Ти,Ер
Ю,Я
Ве,Ла
Ас,Ав
М,З
И,Н
Вс,Дь
В,Ф
Го,Цв
Э,Х
Ж,Ч
Б,Ю
Ал,Но
Я,Ю
Ф,Ж
И,О
На,Па
Еп,Ко
Юр,Ни
Ф,Х
Ки,Не
Ф,Ш
Ж,Р
Л,З
Н,Ч
Р,Б
О,Д
Ме,Вл
Ф,Т
Л,Ф
Л,Х
К,Д
Фи,Не
Ок,Зы
Д,С
В,П
С,Х
Э,Р
Мс,Хо
Ж,Е
Ев,Аф
Зо,Аб
Х,С
Фе,Ал
Ни,Щу
Из,Бы
У,Д
Ге,Бр
Х,З
И,П
Ст,Па
Ч,М
О,А
Си,Ст
П,Л
Б,Ш
И,Д
Ю,С
Г,П
В,Г
С,А
Б,Ж
Е,Ц
Ф,Ш
Л,А
В,И
Х,Ч
Ия,Ел
Х,Т
Р,Ю
Ка,Ва
М,Ш
Ку,Ак
Пи,Ем
В,И
Б,Б
Эр,Ел
Н,П
Ка,Иг
Р,Р
Лу,Лу
Г,Ж
И,М
О,Ч
Ю,К
Ан,Че
И,Е
Я,Ф
Ро,Ме
Ас,Ла
Ер,Бе
Ф,Т
Л,С
Г,Ч
Са,Лу
Л,Ц
Н,Ш
Г,С
Ку,Ор
Вы,Ти
Ч,М
М,Б
С,У
З,О
З,Ж
М,Г
А,Ч
Ф,Л
Х,П
С,Г
Фа,Мо
И,Ю
Юв,Са
Ка,Ка
Пл,Са
Х,Ф
П,З
М,Л
Б,Щ
Па,Са
Ф,Х
Ип,Не
Аз,Ма
Б,Л
Ия,Ка
Н,Ц
И,Ш
Ин,Ав
С,Н
Ме,Му
А,О
И,П
Н,А
Ек,Щу
Юв,Ар
З,Т
Ап,Зы
О,Я
Га,Са
Ф,Ю
Х,Ж
Р,Ц
Ол,Го
Б,С
Юв,Шу
Гл,Ни
В,С
З,Х
Ап,Ме
Он,Еф
Ст,Се
Я,И
У,А
О,Х
Л,И
Е,Д
Ме,Ки
Ч,З
Ж,Щ
Ок,Щу
Ф,Л
Г,С
Не,Бл
Ру,До
Ю,П
Св,Ст
Гу,Су
М,М
Д,Ф
Э,Ж
Л,Ш
Н,В
Ам,Ту
Д,А
Ус,Ал
А,И
Ем,Ти
Я,З
Л,Л
Х,О
Ил,До
Ия,Ак
Д,И
К,Т
А,О
И,Е
Ки,Би
Е,Н
Мо,Ле
Д,В
Е,У
У,Д
Н,Я
Н,Н
Г,К
Ян,Ры
Ко,Фе
Ч,Х
Ок,Ал
А,Я
Ю,С
Ру,Сы
Еф,Па
Ни,Ба
Ел,Да
Ж,К
Б,В
Ал,Ве
Ти,Те
Т,И
Ю,Г
Ю,К
Р,Т
Р,Ш
У,Т
Ф,Е
Ми,Зу
В,И
М,М
Фр,Дь
В,Ч
М,О
Ки,Ря
С,Щ
Вл,Ру
Ж,Т
В,О
Ор,Та
Ти,Мо
Ж,Х
Ч,Ч
Д,Ф
Па,По
Д,У
Ф,Ю
Ж,А
Ян,Ст
Х,З
Ас,Ве
Ч,З
Ос,Жд
Б,С
Ф,Д
П,Ю
Т,Ш
Ад,Ха
Пи,Цв
М,Ж
Я,П
Ив,Де
К,А
Ол,Ис
Не,Го
С,Ч
Ф,У
Я,Х
Иг,Не
П,Х
Фа,Ел
В,Г
Гл,Од
Н,Я
У,Ч
Тв,Юд
Ра,Ку
Х,Ю
Ло,Бо
Ла,Лу
Сп,Ли
Ч,Ш
С,Ж
Н,К
На,Фи
Иг,На
Б,Г
Г,И
Т,Я
Г,Н
Ч,П
П,М
Га,Вл
Ю,З
С,П
Г,Щ
Ст,Бы
Ве,Ме
Га,За
Ар,Со
Ул,Ба
Вл,Мя
Ф,Ш
Я,С
Э,Г
Г,О
Ир,Ак
Фи,Бо
Ф,З
И,Г
Ив,Ха
М,Т
Гр,Щу
П,У
Ос,Ли
И,Р
Ол,Пр
Та,Аг
Г,Д
П,И
Вс,Фр
К,Ю
П,В
М,Щ
Б,И
Фе,Ос
Ч,Т
Э,Т
Г,Щ
О,С
Н,Ц
Г,Б
А,Ш
Ч,О
Пе,Ег
Х,Т
Ре,Бл
Дм,Дь
Е,О
Д,М
Ар,Бо
И,Ш
Аг,Аг
Вл,Аф
Ас,Си
О,А
Ил,Бл
Фр,См
Он,Дь
На,Юд
Д,А
Эл,Не
Юл,Бу
Те,Ря
Вл,Жу
Ра,Ру
Гл,Дм
Вы,Ря
Ф,Ж
Д,З
У,Д
Го,Ав
З,Я
Та,Дм
Д,Д
О,Ю
Т,Х
Ма,Бу
У,Ж
Де,Бе
Ап,Еф
Пи,Си
З,У
А,М
Не,Па
Ко,Од
Ко,Ак
О,С
Но,На
Э,Ц
Хр,Ку
Аз,Дь
Н,П
Бо,Си
Тв,За
Х,У
И,Ц
Т,И
Д,К
За,Еф
Бр,Хо
Д,А
М,Я
Ю,У
П,П
К,З
Ж,С
П,Я
Вс,Ив
Ок,Ру
П,Ш
Ю,А
Ка,Зы
Г,Л
Ж,Ш
Те,Не
Б,В
М,Н
Ю,З
Гр,Ег
Д,И
Ам,Др
Фе,Та
Ч,Т
Л,Б
Т,К
Он,Ви
Ли,Фр
Эр,Сы
Ч,Т
Ч,К
О,Т
Вы,Гу
Б,Г
П,О
Р,Ч
З,Ч
Г,Ч
З,Л
Ру,Бл
Ф,А
Ни,Мо
Ч,Я
Эм,Ис
Ха,Ло
Т,З
Зо,Хо
Сп,Ря
Е,С
Н,Е
Э,О
Эл,Ми
О,К
Ек,Си
Г,И
Че,Ша
Та,Ак
П,Х
Л,Д
Д,Г
Ю,Ш
Як,Су
Р,Ю
З,Я
Я,Ч
Х,И
Р,Л
Гр,Да
Х,Ш
Л,К
С,К
Зо,Бы
Ю,О
Си,Ла
О,Б
Ч,З
П,Р
С,Я
Ме,Як
Я,Т
Из,Ха
Т,И
Те,Не
Вя,Ря
П,А
Ж,Л
Ха,Ме
Ла,Са
Юв,Ры
П,Н
Б,Л
Г,Ж
Т,Л
Е,Т
Р,К
Бо,Му
А,П
Ро,Ак
Ф,Л
Ис,Га
Ир,Ба
Юл,Жд
Га,Сы
К,Щ
Г,Я
Ус,Ха
Св,Аг
Та,Ем
Ра,Ша
В,Ж
Г,Б
Ев,Му
У,З
И,И
Бр,До
Но,Ми
Е,Т
Ж,И
Л,Я
Х,Б
М,А
Ф,Ю
Л,Д
И,Ф
Не,Ос
Еф,Са
Ю,Д
Д,А
И,Н
М,Ц
Дм,Са
О,Ц
Л,Е
Л,Щ
Ал,Ва
Ж,Ч
М,Р
Н,К
Д,Г
За,Со
Ла,Са
Зи,Ве
Ус,Ис
Р,Л
К,У
Э,У
И,Х
П,Ц
Не,Ше
Ле,Тр
Т,Т
Св,Ми
Ем,Ни
Я,Г
Ге,Гр
Вла,Пет
Е,Ш
У,У
Д,Ю
Э,Н
Бр,До
П,О
Ле,Ря
Св,Гр
Не,Гу
С,Щ
Ж,Щ
Аз,Зы
К,Ш
Мо,Га
Тв,Па
Хр,Фе
С,Т
Ч,Ю
В,Щ
Б,Ц
К,Н
Бу,Ус
Рю,Пр
И,Х
Г,Ц
Пе,Ми
У,Н
Д,И
Ф,Е
Ас,Ел
Ли,Фи
У,Ю
В,Б
Л,Г
Тв,Мо
М,А
П,Т
А,Я
Ку,Ст
Л,Т
Я,М
Ж,А
Х,Ю
Еп,Жу
Ве,Ти
Ю,В
Ра,Би
Ре,Щу
В,Г
Ч,Я
М,Х
Ф,Т
И,З
Ле,Не
У,Д
Х,Ш
Р,Ф
Ло,Шу
А,Р
Т,Я
Гр,Ос
Ж,Д
Ко,Мя
Лю,Се
Па,Ор
Н,Ц
Юр,Ле
Я,И
Д,У
Ю,Б
За,Ма
Ф,М
Ос,Че
Ч,М